{"cameraMode":{"drawMode":0,"name":"Shaded","section":"Shading Mode"},"sceneLighting":false,"audioPlay":false,"sceneViewState":{"showFog":true,"showMaterialUpdate":false,"showSkybox":false,"showFlares":true,"showImageEffects":true,"showParticleSystems":true},"in2DMode":false,"pivot":{"x":-0.05000114440917969,"y":10.0,"z":13.499999046325684},"rotation":{"x":0.12908592820167542,"y":-0.22404490411281587,"z":0.029927080497145654,"w":0.9655486345291138},"size":133.4903106689453,"orthographic":true}